Built,n,prop
3.3.0,42,0.10632911392405063
3.3.2,155,0.3924050632911392
3.3.3,198,0.5012658227848101
